,Date,whole milk_x,yogurt_x,zwieback_x,whole milk_y,yogurt_y,zwieback_y
0,2014-01-01,3.0,2.0,0.0,3.0,2.0,0.0
1,2014-01-02,2.0,2.0,0.0,2.0,2.0,0.0
2,2014-01-03,2.0,2.0,0.0,2.0,2.0,0.0
3,2014-01-04,3.0,2.0,0.0,3.0,2.0,0.0
4,2014-01-05,3.0,2.0,0.0,3.0,2.0,0.0
5,2014-01-06,3.0,2.0,0.0,3.0,2.0,0.0
6,2014-01-07,2.0,2.0,0.0,2.0,2.0,0.0
7,2014-01-08,3.0,2.0,0.0,3.0,2.0,0.0
8,2014-01-09,2.0,2.0,0.0,2.0,2.0,0.0
9,2014-01-10,2.0,2.0,0.0,2.0,2.0,0.0
10,2014-01-11,3.0,2.0,0.0,3.0,2.0,0.0
11,2014-01-12,3.0,2.0,0.0,3.0,2.0,0.0
12,2014-01-13,3.0,2.0,0.0,3.0,2.0,0.0
13,2014-01-14,2.0,2.0,0.0,2.0,2.0,0.0
14,2014-01-15,3.0,2.0,0.0,3.0,2.0,0.0
15,2014-01-16,2.0,2.0,0.0,2.0,2.0,0.0
16,2014-01-17,2.0,2.0,0.0,2.0,2.0,0.0
17,2014-01-18,3.0,2.0,0.0,3.0,2.0,0.0
18,2014-01-19,3.0,2.0,0.0,3.0,2.0,0.0
19,2014-01-20,3.0,2.0,0.0,3.0,2.0,0.0
20,2014-01-21,2.0,2.0,0.0,2.0,2.0,0.0
21,2014-01-22,3.0,2.0,0.0,3.0,2.0,0.0
22,2014-01-23,2.0,2.0,0.0,2.0,2.0,0.0
23,2014-01-24,2.0,2.0,0.0,2.0,2.0,0.0
24,2014-01-25,3.0,2.0,0.0,3.0,2.0,0.0
25,2014-01-26,3.0,2.0,0.0,3.0,2.0,0.0
26,2014-01-27,3.0,2.0,0.0,3.0,2.0,0.0
27,2014-01-28,2.0,2.0,0.0,2.0,2.0,0.0
28,2014-01-29,3.0,2.0,0.0,3.0,2.0,0.0
29,2014-01-30,2.0,2.0,0.0,2.0,2.0,0.0
30,2014-01-31,2.0,2.0,0.0,2.0,2.0,0.0
31,2014-02-01,3.0,2.0,0.0,3.0,2.0,0.0
32,2014-02-02,3.0,2.0,0.0,3.0,2.0,0.0
33,2014-02-03,3.0,2.0,0.0,3.0,2.0,0.0
34,2014-02-04,3.0,2.0,0.0,3.0,2.0,0.0
35,2014-02-05,3.0,2.0,0.0,3.0,2.0,0.0
36,2014-02-06,2.0,2.0,0.0,2.0,2.0,0.0
37,2014-02-07,3.0,2.0,0.0,3.0,2.0,0.0
38,2014-02-08,3.0,2.0,0.0,3.0,2.0,0.0
39,2014-02-09,3.0,2.0,0.0,3.0,2.0,0.0
40,2014-02-10,3.0,2.0,0.0,3.0,2.0,0.0
41,2014-02-11,3.0,2.0,0.0,3.0,2.0,0.0
42,2014-02-12,3.0,2.0,0.0,3.0,2.0,0.0
43,2014-02-13,2.0,2.0,0.0,2.0,2.0,0.0
44,2014-02-14,3.0,2.0,0.0,3.0,2.0,0.0
45,2014-02-15,3.0,2.0,0.0,3.0,2.0,0.0
46,2014-02-16,3.0,2.0,0.0,3.0,2.0,0.0
47,2014-02-17,3.0,2.0,0.0,3.0,2.0,0.0
48,2014-02-18,3.0,2.0,0.0,3.0,2.0,0.0
49,2014-02-19,3.0,2.0,0.0,3.0,2.0,0.0
50,2014-02-20,2.0,2.0,0.0,2.0,2.0,0.0
51,2014-02-21,3.0,2.0,0.0,3.0,2.0,0.0
52,2014-02-22,3.0,2.0,0.0,3.0,2.0,0.0
53,2014-02-23,3.0,2.0,0.0,3.0,2.0,0.0
54,2014-02-24,3.0,2.0,0.0,3.0,2.0,0.0
55,2014-02-25,3.0,2.0,0.0,3.0,2.0,0.0
56,2014-02-26,3.0,2.0,0.0,3.0,2.0,0.0
57,2014-02-27,2.0,2.0,0.0,2.0,2.0,0.0
58,2014-02-28,3.0,2.0,0.0,3.0,2.0,0.0
59,2014-03-01,3.0,2.0,0.0,3.0,2.0,0.0
60,2014-03-02,3.0,2.0,0.0,3.0,2.0,0.0
61,2014-03-03,3.0,2.0,0.0,3.0,2.0,0.0
62,2014-03-04,3.0,2.0,0.0,3.0,2.0,0.0
63,2014-03-05,3.0,2.0,0.0,3.0,2.0,0.0
64,2014-03-06,3.0,2.0,0.0,3.0,2.0,0.0
65,2014-03-07,3.0,2.0,0.0,3.0,2.0,0.0
66,2014-03-08,3.0,2.0,0.0,3.0,2.0,0.0
67,2014-03-09,3.0,2.0,0.0,3.0,2.0,0.0
68,2014-03-10,3.0,2.0,0.0,3.0,2.0,0.0
69,2014-03-11,3.0,2.0,0.0,3.0,2.0,0.0
70,2014-03-12,3.0,2.0,0.0,3.0,2.0,0.0
71,2014-03-13,3.0,2.0,0.0,3.0,2.0,0.0
72,2014-03-14,3.0,2.0,0.0,3.0,2.0,0.0
73,2014-03-15,3.0,2.0,0.0,3.0,2.0,0.0
74,2014-03-16,3.0,2.0,0.0,3.0,2.0,0.0
75,2014-03-17,3.0,2.0,0.0,3.0,2.0,0.0
76,2014-03-18,3.0,2.0,0.0,3.0,2.0,0.0
77,2014-03-19,3.0,2.0,0.0,3.0,2.0,0.0
78,2014-03-20,3.0,2.0,0.0,3.0,2.0,0.0
79,2014-03-21,3.0,2.0,0.0,3.0,2.0,0.0
80,2014-03-22,3.0,2.0,0.0,3.0,2.0,0.0
81,2014-03-23,3.0,2.0,0.0,3.0,2.0,0.0
82,2014-03-24,3.0,2.0,0.0,3.0,2.0,0.0
83,2014-03-25,3.0,2.0,0.0,3.0,2.0,0.0
84,2014-03-26,3.0,2.0,0.0,3.0,2.0,0.0
85,2014-03-27,3.0,2.0,0.0,3.0,2.0,0.0
86,2014-03-28,3.0,2.0,0.0,3.0,2.0,0.0
87,2014-03-29,3.0,2.0,0.0,3.0,2.0,0.0
88,2014-03-30,3.0,2.0,0.0,3.0,2.0,0.0
89,2014-03-31,3.0,2.0,0.0,3.0,2.0,0.0
90,2014-04-01,3.0,2.0,0.0,3.0,2.0,0.0
91,2014-04-02,3.0,2.0,0.0,3.0,2.0,0.0
92,2014-04-03,3.0,2.0,0.0,3.0,2.0,0.0
93,2014-04-04,3.0,2.0,0.0,3.0,2.0,0.0
94,2014-04-05,3.0,2.0,0.0,3.0,2.0,0.0
95,2014-04-06,3.0,2.0,0.0,3.0,2.0,0.0
96,2014-04-07,3.0,2.0,0.0,3.0,2.0,0.0
97,2014-04-08,3.0,2.0,0.0,3.0,2.0,0.0
98,2014-04-09,3.0,2.0,0.0,3.0,2.0,0.0
99,2014-04-10,3.0,2.0,0.0,3.0,2.0,0.0
100,2014-04-11,3.0,2.0,0.0,3.0,2.0,0.0
101,2014-04-12,3.0,2.0,0.0,3.0,2.0,0.0
102,2014-04-13,3.0,2.0,0.0,3.0,2.0,0.0
103,2014-04-14,3.0,2.0,0.0,3.0,2.0,0.0
104,2014-04-15,3.0,2.0,0.0,3.0,2.0,0.0
105,2014-04-16,3.0,2.0,0.0,3.0,2.0,0.0
106,2014-04-17,3.0,2.0,0.0,3.0,2.0,0.0
107,2014-04-18,3.0,2.0,0.0,3.0,2.0,0.0
108,2014-04-19,3.0,2.0,0.0,3.0,2.0,0.0
109,2014-04-20,3.0,2.0,0.0,3.0,2.0,0.0
110,2014-04-21,3.0,2.0,0.0,3.0,2.0,0.0
111,2014-04-22,3.0,2.0,0.0,3.0,2.0,0.0
112,2014-04-23,3.0,2.0,0.0,3.0,2.0,0.0
113,2014-04-24,3.0,2.0,0.0,3.0,2.0,0.0
114,2014-04-25,3.0,2.0,0.0,3.0,2.0,0.0
115,2014-04-26,3.0,2.0,0.0,3.0,2.0,0.0
116,2014-04-27,3.0,2.0,0.0,3.0,2.0,0.0
117,2014-04-28,3.0,2.0,0.0,3.0,2.0,0.0
118,2014-04-29,3.0,2.0,0.0,3.0,2.0,0.0
119,2014-04-30,3.0,2.0,0.0,3.0,2.0,0.0
120,2014-05-01,3.0,2.0,0.0,3.0,2.0,0.0
121,2014-05-02,3.0,2.0,0.0,3.0,2.0,0.0
122,2014-05-03,3.0,2.0,0.0,3.0,2.0,0.0
123,2014-05-04,3.0,2.0,0.0,3.0,2.0,0.0
124,2014-05-05,3.0,2.0,0.0,3.0,2.0,0.0
125,2014-05-06,3.0,2.0,0.0,3.0,2.0,0.0
126,2014-05-07,3.0,2.0,0.0,3.0,2.0,0.0
127,2014-05-08,3.0,2.0,0.0,3.0,2.0,0.0
128,2014-05-09,3.0,2.0,0.0,3.0,2.0,0.0
129,2014-05-10,3.0,2.0,0.0,3.0,2.0,0.0
130,2014-05-11,3.0,2.0,0.0,3.0,2.0,0.0
131,2014-05-12,3.0,2.0,0.0,3.0,2.0,0.0
132,2014-05-13,3.0,2.0,0.0,3.0,2.0,0.0
133,2014-05-14,3.0,2.0,0.0,3.0,2.0,0.0
134,2014-05-15,3.0,2.0,0.0,3.0,2.0,0.0
135,2014-05-16,3.0,2.0,0.0,3.0,2.0,0.0
136,2014-05-17,3.0,2.0,0.0,3.0,2.0,0.0
137,2014-05-18,3.0,2.0,0.0,3.0,2.0,0.0
138,2014-05-19,3.0,2.0,0.0,3.0,2.0,0.0
139,2014-05-20,3.0,2.0,0.0,3.0,2.0,0.0
140,2014-05-21,3.0,2.0,0.0,3.0,2.0,0.0
141,2014-05-22,3.0,2.0,0.0,3.0,2.0,0.0
142,2014-05-23,3.0,2.0,0.0,3.0,2.0,0.0
143,2014-05-24,3.0,2.0,0.0,3.0,2.0,0.0
144,2014-05-25,3.0,2.0,0.0,3.0,2.0,0.0
145,2014-05-26,3.0,2.0,0.0,3.0,2.0,0.0
146,2014-05-27,3.0,2.0,0.0,3.0,2.0,0.0
147,2014-05-28,3.0,2.0,0.0,3.0,2.0,0.0
148,2014-05-29,3.0,2.0,0.0,3.0,2.0,0.0
149,2014-05-30,3.0,2.0,0.0,3.0,2.0,0.0
150,2014-05-31,3.0,2.0,0.0,3.0,2.0,0.0
151,2014-06-01,3.0,2.0,0.0,3.0,2.0,0.0
152,2014-06-02,3.0,2.0,0.0,3.0,2.0,0.0
153,2014-06-03,3.0,2.0,0.0,3.0,2.0,0.0
154,2014-06-04,3.0,2.0,0.0,3.0,2.0,0.0
155,2014-06-05,3.0,2.0,0.0,3.0,2.0,0.0
156,2014-06-06,3.0,2.0,0.0,3.0,2.0,0.0
157,2014-06-07,3.0,2.0,0.0,3.0,2.0,0.0
158,2014-06-08,3.0,2.0,0.0,3.0,2.0,0.0
159,2014-06-09,3.0,2.0,0.0,3.0,2.0,0.0
160,2014-06-10,3.0,2.0,0.0,3.0,2.0,0.0
161,2014-06-11,3.0,2.0,0.0,3.0,2.0,0.0
162,2014-06-12,3.0,2.0,0.0,3.0,2.0,0.0
163,2014-06-13,3.0,2.0,0.0,3.0,2.0,0.0
164,2014-06-14,3.0,2.0,0.0,3.0,2.0,0.0
165,2014-06-15,3.0,2.0,0.0,3.0,2.0,0.0
166,2014-06-16,3.0,2.0,0.0,3.0,2.0,0.0
167,2014-06-17,3.0,2.0,0.0,3.0,2.0,0.0
168,2014-06-18,3.0,2.0,0.0,3.0,2.0,0.0
169,2014-06-19,3.0,2.0,0.0,3.0,2.0,0.0
170,2014-06-20,3.0,2.0,0.0,3.0,2.0,0.0
171,2014-06-21,3.0,2.0,0.0,3.0,2.0,0.0
172,2014-06-22,3.0,2.0,0.0,3.0,2.0,0.0
173,2014-06-23,3.0,2.0,0.0,3.0,2.0,0.0
174,2014-06-24,3.0,2.0,0.0,3.0,2.0,0.0
175,2014-06-25,3.0,2.0,0.0,3.0,2.0,0.0
176,2014-06-26,3.0,2.0,0.0,3.0,2.0,0.0
177,2014-06-27,3.0,2.0,0.0,3.0,2.0,0.0
178,2014-06-28,3.0,2.0,0.0,3.0,2.0,0.0
179,2014-06-29,3.0,2.0,0.0,3.0,2.0,0.0
180,2014-06-30,3.0,2.0,0.0,3.0,2.0,0.0
181,2014-07-01,3.0,2.0,0.0,3.0,2.0,0.0
182,2014-07-02,3.0,2.0,0.0,3.0,2.0,0.0
183,2014-07-03,3.0,2.0,0.0,3.0,2.0,0.0
184,2014-07-04,3.0,2.0,0.0,3.0,2.0,0.0
185,2014-07-05,3.0,2.0,0.0,3.0,2.0,0.0
186,2014-07-06,3.0,2.0,0.0,3.0,2.0,0.0
187,2014-07-07,3.0,2.0,0.0,3.0,2.0,0.0
188,2014-07-08,3.0,2.0,0.0,3.0,2.0,0.0
189,2014-07-09,3.0,2.0,0.0,3.0,2.0,0.0
190,2014-07-10,3.0,2.0,0.0,3.0,2.0,0.0
191,2014-07-11,3.0,2.0,0.0,3.0,2.0,0.0
192,2014-07-12,3.0,2.0,0.0,3.0,2.0,0.0
193,2014-07-13,3.0,2.0,0.0,3.0,2.0,0.0
194,2014-07-14,3.0,2.0,0.0,3.0,2.0,0.0
195,2014-07-15,3.0,2.0,0.0,3.0,2.0,0.0
196,2014-07-16,3.0,2.0,0.0,3.0,2.0,0.0
197,2014-07-17,3.0,2.0,0.0,3.0,2.0,0.0
198,2014-07-18,3.0,2.0,0.0,3.0,2.0,0.0
199,2014-07-19,3.0,2.0,0.0,3.0,2.0,0.0
200,2014-07-20,3.0,2.0,0.0,3.0,2.0,0.0
201,2014-07-21,3.0,2.0,0.0,3.0,2.0,0.0
202,2014-07-22,3.0,2.0,0.0,3.0,2.0,0.0
203,2014-07-23,3.0,2.0,0.0,3.0,2.0,0.0
204,2014-07-24,3.0,2.0,0.0,3.0,2.0,0.0
205,2014-07-25,3.0,2.0,0.0,3.0,2.0,0.0
206,2014-07-26,3.0,2.0,0.0,3.0,2.0,0.0
207,2014-07-27,3.0,2.0,0.0,3.0,2.0,0.0
208,2014-07-28,3.0,2.0,0.0,3.0,2.0,0.0
209,2014-07-29,3.0,2.0,0.0,3.0,2.0,0.0
210,2014-07-30,4.0,2.0,0.0,4.0,2.0,0.0
211,2014-07-31,3.0,2.0,0.0,3.0,2.0,0.0
212,2014-08-01,3.0,2.0,0.0,3.0,2.0,0.0
213,2014-08-02,3.0,2.0,0.0,3.0,2.0,0.0
214,2014-08-03,3.0,2.0,0.0,3.0,2.0,0.0
215,2014-08-04,3.0,2.0,0.0,3.0,2.0,0.0
216,2014-08-05,3.0,2.0,0.0,3.0,2.0,0.0
217,2014-08-06,4.0,2.0,0.0,4.0,2.0,0.0
218,2014-08-07,3.0,2.0,0.0,3.0,2.0,0.0
219,2014-08-08,3.0,2.0,0.0,3.0,2.0,0.0
220,2014-08-09,3.0,2.0,0.0,3.0,2.0,0.0
221,2014-08-10,3.0,2.0,0.0,3.0,2.0,0.0
222,2014-08-11,3.0,2.0,0.0,3.0,2.0,0.0
223,2014-08-12,3.0,2.0,0.0,3.0,2.0,0.0
224,2014-08-13,4.0,2.0,0.0,4.0,2.0,0.0
225,2014-08-14,3.0,2.0,0.0,3.0,2.0,0.0
226,2014-08-15,3.0,2.0,0.0,3.0,2.0,0.0
227,2014-08-16,3.0,2.0,0.0,3.0,2.0,0.0
228,2014-08-17,3.0,2.0,0.0,3.0,2.0,0.0
229,2014-08-18,3.0,2.0,0.0,3.0,2.0,0.0
230,2014-08-19,3.0,2.0,0.0,3.0,2.0,0.0
231,2014-08-20,4.0,2.0,0.0,4.0,2.0,0.0
232,2014-08-21,3.0,2.0,0.0,3.0,2.0,0.0
233,2014-08-22,3.0,2.0,0.0,3.0,2.0,0.0
234,2014-08-23,3.0,2.0,0.0,3.0,2.0,0.0
235,2014-08-24,3.0,2.0,0.0,3.0,2.0,0.0
236,2014-08-25,3.0,2.0,0.0,3.0,2.0,0.0
237,2014-08-26,3.0,2.0,0.0,3.0,2.0,0.0
238,2014-08-27,4.0,2.0,0.0,4.0,2.0,0.0
239,2014-08-28,3.0,2.0,0.0,3.0,2.0,0.0
240,2014-08-29,3.0,2.0,0.0,3.0,2.0,0.0
241,2014-08-30,3.0,2.0,0.0,3.0,2.0,0.0
242,2014-08-31,3.0,2.0,0.0,3.0,2.0,0.0
243,2014-09-01,3.0,2.0,0.0,3.0,2.0,0.0
244,2014-09-02,3.0,2.0,0.0,3.0,2.0,0.0
245,2014-09-03,4.0,2.0,0.0,4.0,2.0,0.0
246,2014-09-04,3.0,2.0,0.0,3.0,2.0,0.0
247,2014-09-05,3.0,2.0,0.0,3.0,2.0,0.0
248,2014-09-06,3.0,2.0,0.0,3.0,2.0,0.0
249,2014-09-07,3.0,2.0,0.0,3.0,2.0,0.0
250,2014-09-08,3.0,2.0,0.0,3.0,2.0,0.0
251,2014-09-09,3.0,2.0,0.0,3.0,2.0,0.0
252,2014-09-10,4.0,2.0,0.0,4.0,2.0,0.0
253,2014-09-11,3.0,2.0,0.0,3.0,2.0,0.0
254,2014-09-12,3.0,2.0,0.0,3.0,2.0,0.0
255,2014-09-13,3.0,2.0,0.0,3.0,2.0,0.0
256,2014-09-14,3.0,2.0,0.0,3.0,2.0,0.0
257,2014-09-15,3.0,2.0,0.0,3.0,2.0,0.0
258,2014-09-16,3.0,2.0,0.0,3.0,2.0,0.0
259,2014-09-17,4.0,2.0,0.0,4.0,2.0,0.0
260,2014-09-18,3.0,2.0,0.0,3.0,2.0,0.0
261,2014-09-19,3.0,2.0,0.0,3.0,2.0,0.0
262,2014-09-20,3.0,2.0,0.0,3.0,2.0,0.0
263,2014-09-21,3.0,2.0,0.0,3.0,2.0,0.0
264,2014-09-22,3.0,2.0,0.0,3.0,2.0,0.0
265,2014-09-23,3.0,2.0,0.0,3.0,2.0,0.0
266,2014-09-24,4.0,2.0,0.0,4.0,2.0,0.0
267,2014-09-25,3.0,2.0,0.0,3.0,2.0,0.0
268,2014-09-26,3.0,2.0,0.0,3.0,2.0,0.0
269,2014-09-27,3.0,2.0,0.0,3.0,2.0,0.0
270,2014-09-28,3.0,2.0,0.0,3.0,2.0,0.0
271,2014-09-29,3.0,2.0,0.0,3.0,2.0,0.0
272,2014-09-30,3.0,2.0,0.0,3.0,2.0,0.0
273,2014-10-01,4.0,2.0,0.0,4.0,2.0,0.0
274,2014-10-02,3.0,2.0,0.0,3.0,2.0,0.0
275,2014-10-03,3.0,2.0,0.0,3.0,2.0,0.0
276,2014-10-04,3.0,2.0,0.0,3.0,2.0,0.0
277,2014-10-05,3.0,2.0,0.0,3.0,2.0,0.0
278,2014-10-06,3.0,2.0,0.0,3.0,2.0,0.0
279,2014-10-07,3.0,2.0,0.0,3.0,2.0,0.0
280,2014-10-08,4.0,2.0,0.0,4.0,2.0,0.0
281,2014-10-09,3.0,2.0,0.0,3.0,2.0,0.0
282,2014-10-10,3.0,2.0,0.0,3.0,2.0,0.0
283,2014-10-11,3.0,2.0,0.0,3.0,2.0,0.0
284,2014-10-12,3.0,2.0,0.0,3.0,2.0,0.0
285,2014-10-13,3.0,2.0,0.0,3.0,2.0,0.0
286,2014-10-14,3.0,2.0,0.0,3.0,2.0,0.0
287,2014-10-15,4.0,2.0,0.0,4.0,2.0,0.0
288,2014-10-16,3.0,2.0,0.0,3.0,2.0,0.0
289,2014-10-17,3.0,2.0,0.0,3.0,2.0,0.0
290,2014-10-18,3.0,2.0,0.0,3.0,2.0,0.0
291,2014-10-19,3.0,2.0,0.0,3.0,2.0,0.0
292,2014-10-20,3.0,2.0,0.0,3.0,2.0,0.0
293,2014-10-21,3.0,2.0,0.0,3.0,2.0,0.0
294,2014-10-22,4.0,2.0,0.0,4.0,2.0,0.0
295,2014-10-23,3.0,2.0,0.0,3.0,2.0,0.0
296,2014-10-24,3.0,2.0,0.0,3.0,2.0,0.0
297,2014-10-25,3.0,2.0,0.0,3.0,2.0,0.0
298,2014-10-26,3.0,2.0,0.0,3.0,2.0,0.0
299,2014-10-27,3.0,2.0,0.0,3.0,2.0,0.0
300,2014-10-28,3.0,2.0,0.0,3.0,2.0,0.0
301,2014-10-29,4.0,2.0,0.0,4.0,2.0,0.0
302,2014-10-30,3.0,2.0,0.0,3.0,2.0,0.0
303,2014-10-31,3.0,2.0,0.0,3.0,2.0,0.0
304,2014-11-01,3.0,2.0,0.0,3.0,2.0,0.0
305,2014-11-02,3.0,2.0,0.0,3.0,2.0,0.0
306,2014-11-03,3.0,2.0,0.0,3.0,2.0,0.0
307,2014-11-04,3.0,2.0,0.0,3.0,2.0,0.0
308,2014-11-05,4.0,2.0,0.0,4.0,2.0,0.0
309,2014-11-06,3.0,2.0,0.0,3.0,2.0,0.0
310,2014-11-07,3.0,2.0,0.0,3.0,2.0,0.0
311,2014-11-08,3.0,2.0,0.0,3.0,2.0,0.0
312,2014-11-09,3.0,2.0,0.0,3.0,2.0,0.0
313,2014-11-10,3.0,2.0,0.0,3.0,2.0,0.0
314,2014-11-11,3.0,2.0,0.0,3.0,2.0,0.0
315,2014-11-12,4.0,2.0,0.0,4.0,2.0,0.0
316,2014-11-13,3.0,2.0,0.0,3.0,2.0,0.0
317,2014-11-14,3.0,2.0,0.0,3.0,2.0,0.0
318,2014-11-15,3.0,2.0,0.0,3.0,2.0,0.0
319,2014-11-16,3.0,2.0,0.0,3.0,2.0,0.0
320,2014-11-17,3.0,2.0,0.0,3.0,2.0,0.0
321,2014-11-18,3.0,2.0,0.0,3.0,2.0,0.0
322,2014-11-19,4.0,2.0,0.0,4.0,2.0,0.0
323,2014-11-20,3.0,2.0,0.0,3.0,2.0,0.0
324,2014-11-21,3.0,2.0,0.0,3.0,2.0,0.0
325,2014-11-22,3.0,2.0,0.0,3.0,2.0,0.0
326,2014-11-23,3.0,2.0,0.0,3.0,2.0,0.0
327,2014-11-24,3.0,2.0,0.0,3.0,2.0,0.0
328,2014-11-25,3.0,2.0,0.0,3.0,2.0,0.0
329,2014-11-26,4.0,2.0,0.0,4.0,2.0,0.0
330,2014-11-27,3.0,2.0,0.0,3.0,2.0,0.0
331,2014-11-28,3.0,2.0,0.0,3.0,2.0,0.0
332,2014-11-29,3.0,2.0,0.0,3.0,2.0,0.0
333,2014-11-30,3.0,2.0,0.0,3.0,2.0,0.0
334,2014-12-01,3.0,2.0,0.0,3.0,2.0,0.0
335,2014-12-02,3.0,2.0,0.0,3.0,2.0,0.0
336,2014-12-03,4.0,2.0,0.0,4.0,2.0,0.0
337,2014-12-04,3.0,2.0,0.0,3.0,2.0,0.0
338,2014-12-05,3.0,2.0,0.0,3.0,2.0,0.0
339,2014-12-06,3.0,2.0,0.0,3.0,2.0,0.0
340,2014-12-07,3.0,2.0,0.0,3.0,2.0,0.0
341,2014-12-08,3.0,2.0,0.0,3.0,2.0,0.0
342,2014-12-09,3.0,2.0,0.0,3.0,2.0,0.0
343,2014-12-10,4.0,2.0,0.0,4.0,2.0,0.0
344,2014-12-11,3.0,2.0,0.0,3.0,2.0,0.0
345,2014-12-12,3.0,2.0,0.0,3.0,2.0,0.0
346,2014-12-13,3.0,2.0,0.0,3.0,2.0,0.0
347,2014-12-14,3.0,2.0,0.0,3.0,2.0,0.0
348,2014-12-15,3.0,2.0,0.0,3.0,2.0,0.0
349,2014-12-16,3.0,2.0,0.0,3.0,2.0,0.0
350,2014-12-17,4.0,2.0,0.0,4.0,2.0,0.0
351,2014-12-18,3.0,2.0,0.0,3.0,2.0,0.0
352,2014-12-19,3.0,2.0,0.0,3.0,2.0,0.0
353,2014-12-20,3.0,2.0,0.0,3.0,2.0,0.0
354,2014-12-21,3.0,2.0,0.0,3.0,2.0,0.0
355,2014-12-22,3.0,2.0,0.0,3.0,2.0,0.0
356,2014-12-23,3.0,2.0,0.0,3.0,2.0,0.0
357,2014-12-24,4.0,2.0,0.0,4.0,2.0,0.0
358,2014-12-25,3.0,2.0,0.0,3.0,2.0,0.0
359,2014-12-26,3.0,2.0,0.0,3.0,2.0,0.0
360,2014-12-27,4.0,2.0,0.0,4.0,2.0,0.0
361,2014-12-28,3.0,2.0,0.0,3.0,2.0,0.0
362,2014-12-29,3.0,2.0,0.0,3.0,2.0,0.0
363,2014-12-30,3.0,2.0,0.0,3.0,2.0,0.0
364,2015-01-01,3.0,2.0,0.0,3.0,2.0,0.0
365,2015-01-02,3.0,2.0,0.0,3.0,2.0,0.0
366,2015-01-03,4.0,2.0,0.0,4.0,2.0,0.0
367,2015-01-04,3.0,2.0,0.0,3.0,2.0,0.0
368,2015-01-05,3.0,2.0,0.0,3.0,2.0,0.0
369,2015-01-06,3.0,2.0,0.0,3.0,2.0,0.0
370,2015-01-07,4.0,2.0,0.0,4.0,2.0,0.0
371,2015-01-08,3.0,2.0,0.0,3.0,2.0,0.0
372,2015-01-09,3.0,2.0,0.0,3.0,2.0,0.0
373,2015-01-10,4.0,2.0,0.0,4.0,2.0,0.0
374,2015-01-11,3.0,2.0,0.0,3.0,2.0,0.0
375,2015-01-12,3.0,2.0,0.0,3.0,2.0,0.0
376,2015-01-13,3.0,2.0,0.0,3.0,2.0,0.0
377,2015-01-14,4.0,2.0,0.0,4.0,2.0,0.0
378,2015-01-15,3.0,2.0,0.0,3.0,2.0,0.0
379,2015-01-16,3.0,2.0,0.0,3.0,2.0,0.0
380,2015-01-17,4.0,2.0,0.0,4.0,2.0,0.0
381,2015-01-18,3.0,2.0,0.0,3.0,2.0,0.0
382,2015-01-19,3.0,2.0,0.0,3.0,2.0,0.0
383,2015-01-20,3.0,2.0,0.0,3.0,2.0,0.0
384,2015-01-21,4.0,2.0,0.0,4.0,2.0,0.0
385,2015-01-22,3.0,2.0,0.0,3.0,2.0,0.0
386,2015-01-23,3.0,2.0,0.0,3.0,2.0,0.0
387,2015-01-24,4.0,2.0,0.0,4.0,2.0,0.0
388,2015-01-25,3.0,2.0,0.0,3.0,2.0,0.0
389,2015-01-26,3.0,2.0,0.0,3.0,2.0,0.0
390,2015-01-27,3.0,2.0,0.0,3.0,2.0,0.0
391,2015-01-28,4.0,2.0,0.0,4.0,2.0,0.0
392,2015-01-29,3.0,2.0,0.0,3.0,2.0,0.0
393,2015-01-30,3.0,2.0,0.0,3.0,2.0,0.0
394,2015-01-31,4.0,2.0,0.0,4.0,2.0,0.0
395,2015-02-01,3.0,2.0,0.0,3.0,2.0,0.0
396,2015-02-02,3.0,2.0,0.0,3.0,2.0,0.0
397,2015-02-03,3.0,2.0,0.0,3.0,2.0,0.0
398,2015-02-04,4.0,2.0,0.0,4.0,2.0,0.0
399,2015-02-05,3.0,2.0,0.0,3.0,2.0,0.0
400,2015-02-06,3.0,2.0,0.0,3.0,2.0,0.0
401,2015-02-07,4.0,2.0,0.0,4.0,2.0,0.0
402,2015-02-08,4.0,2.0,0.0,4.0,2.0,0.0
403,2015-02-09,4.0,2.0,0.0,4.0,2.0,0.0
404,2015-02-10,3.0,2.0,0.0,3.0,2.0,0.0
405,2015-02-11,4.0,2.0,0.0,4.0,2.0,0.0
406,2015-02-12,3.0,2.0,0.0,3.0,2.0,0.0
407,2015-02-13,3.0,2.0,0.0,3.0,2.0,0.0
408,2015-02-14,4.0,2.0,0.0,4.0,2.0,0.0
409,2015-02-15,4.0,2.0,0.0,4.0,2.0,0.0
410,2015-02-16,4.0,2.0,0.0,4.0,2.0,0.0
411,2015-02-17,3.0,2.0,0.0,3.0,2.0,0.0
412,2015-02-18,4.0,2.0,0.0,4.0,2.0,0.0
413,2015-02-19,3.0,2.0,0.0,3.0,2.0,0.0
414,2015-02-20,3.0,2.0,0.0,3.0,2.0,0.0
415,2015-02-21,4.0,2.0,0.0,4.0,2.0,0.0
416,2015-02-22,4.0,2.0,0.0,4.0,2.0,0.0
417,2015-02-23,4.0,2.0,0.0,4.0,2.0,0.0
418,2015-02-24,3.0,2.0,0.0,3.0,2.0,0.0
419,2015-02-25,4.0,2.0,0.0,4.0,2.0,0.0
420,2015-02-26,3.0,2.0,0.0,3.0,2.0,0.0
421,2015-02-27,3.0,2.0,0.0,3.0,2.0,0.0
422,2015-02-28,4.0,2.0,0.0,4.0,2.0,0.0
423,2015-03-01,4.0,2.0,0.0,4.0,2.0,0.0
424,2015-03-02,4.0,2.0,0.0,4.0,2.0,0.0
425,2015-03-03,3.0,2.0,0.0,3.0,2.0,0.0
426,2015-03-04,4.0,2.0,0.0,4.0,2.0,0.0
427,2015-03-05,3.0,2.0,0.0,3.0,2.0,0.0
428,2015-03-06,3.0,2.0,0.0,3.0,2.0,0.0
429,2015-03-07,4.0,2.0,0.0,4.0,2.0,0.0
430,2015-03-08,4.0,2.0,0.0,4.0,2.0,0.0
431,2015-03-09,4.0,2.0,0.0,4.0,2.0,0.0
432,2015-03-10,3.0,2.0,0.0,3.0,2.0,0.0
433,2015-03-11,4.0,2.0,0.0,4.0,2.0,0.0
434,2015-03-12,3.0,2.0,0.0,3.0,2.0,0.0
435,2015-03-13,3.0,2.0,0.0,3.0,2.0,0.0
436,2015-03-14,4.0,2.0,0.0,4.0,2.0,0.0
437,2015-03-15,4.0,2.0,0.0,4.0,2.0,0.0
438,2015-03-16,4.0,2.0,0.0,4.0,2.0,0.0
439,2015-03-17,4.0,2.0,0.0,4.0,2.0,0.0
440,2015-03-18,4.0,2.0,0.0,4.0,2.0,0.0
441,2015-03-19,3.0,2.0,0.0,3.0,2.0,0.0
442,2015-03-20,3.0,2.0,0.0,3.0,2.0,0.0
443,2015-03-21,4.0,2.0,0.0,4.0,2.0,0.0
444,2015-03-22,4.0,2.0,0.0,4.0,2.0,0.0
445,2015-03-23,4.0,2.0,0.0,4.0,2.0,0.0
446,2015-03-24,4.0,2.0,0.0,4.0,2.0,0.0
447,2015-03-25,4.0,2.0,0.0,4.0,2.0,0.0
448,2015-03-26,3.0,2.0,0.0,3.0,2.0,0.0
449,2015-03-27,4.0,2.0,0.0,4.0,2.0,0.0
450,2015-03-28,4.0,2.0,0.0,4.0,2.0,0.0
451,2015-03-29,4.0,2.0,0.0,4.0,2.0,0.0
452,2015-03-30,4.0,2.0,0.0,4.0,2.0,0.0
453,2015-03-31,4.0,2.0,0.0,4.0,2.0,0.0
454,2015-04-01,4.0,2.0,0.0,4.0,2.0,0.0
455,2015-04-02,3.0,2.0,0.0,3.0,2.0,0.0
456,2015-04-03,4.0,2.0,0.0,4.0,2.0,0.0
457,2015-04-04,4.0,2.0,0.0,4.0,2.0,0.0
458,2015-04-05,4.0,2.0,0.0,4.0,2.0,0.0
459,2015-04-06,4.0,2.0,0.0,4.0,2.0,0.0
460,2015-04-07,4.0,2.0,0.0,4.0,2.0,0.0
461,2015-04-08,4.0,2.0,0.0,4.0,2.0,0.0
462,2015-04-09,3.0,2.0,0.0,3.0,2.0,0.0
463,2015-04-10,4.0,2.0,0.0,4.0,2.0,0.0
464,2015-04-11,4.0,2.0,0.0,4.0,2.0,0.0
465,2015-04-12,4.0,2.0,0.0,4.0,2.0,0.0
466,2015-04-13,4.0,2.0,0.0,4.0,2.0,0.0
467,2015-04-14,4.0,2.0,0.0,4.0,2.0,0.0
468,2015-04-15,4.0,2.0,0.0,4.0,2.0,0.0
469,2015-04-16,3.0,2.0,0.0,3.0,2.0,0.0
470,2015-04-17,4.0,2.0,0.0,4.0,2.0,0.0
471,2015-04-18,4.0,2.0,0.0,4.0,2.0,0.0
472,2015-04-19,4.0,2.0,0.0,4.0,2.0,0.0
473,2015-04-20,4.0,2.0,0.0,4.0,2.0,0.0
474,2015-04-21,4.0,2.0,0.0,4.0,2.0,0.0
475,2015-04-22,4.0,2.0,0.0,4.0,2.0,0.0
476,2015-04-23,4.0,2.0,0.0,4.0,2.0,0.0
477,2015-04-24,4.0,2.0,0.0,4.0,2.0,0.0
478,2015-04-25,4.0,2.0,0.0,4.0,2.0,0.0
479,2015-04-26,4.0,2.0,0.0,4.0,2.0,0.0
480,2015-04-27,4.0,2.0,0.0,4.0,2.0,0.0
481,2015-04-28,4.0,2.0,0.0,4.0,2.0,0.0
482,2015-04-29,4.0,2.0,0.0,4.0,2.0,0.0
483,2015-04-30,4.0,2.0,0.0,4.0,2.0,0.0
484,2015-05-01,4.0,2.0,0.0,4.0,2.0,0.0
485,2015-05-02,4.0,2.0,0.0,4.0,2.0,0.0
486,2015-05-03,4.0,2.0,0.0,4.0,2.0,0.0
487,2015-05-04,4.0,2.0,0.0,4.0,2.0,0.0
488,2015-05-05,4.0,2.0,0.0,4.0,2.0,0.0
489,2015-05-06,4.0,2.0,0.0,4.0,2.0,0.0
490,2015-05-07,4.0,2.0,0.0,4.0,2.0,0.0
491,2015-05-08,4.0,2.0,0.0,4.0,2.0,0.0
492,2015-05-09,4.0,2.0,0.0,4.0,2.0,0.0
493,2015-05-10,4.0,2.0,0.0,4.0,2.0,0.0
494,2015-05-11,4.0,2.0,0.0,4.0,2.0,0.0
495,2015-05-12,4.0,2.0,0.0,4.0,2.0,0.0
496,2015-05-13,4.0,2.0,0.0,4.0,2.0,0.0
497,2015-05-14,4.0,2.0,0.0,4.0,2.0,0.0
498,2015-05-15,4.0,2.0,0.0,4.0,2.0,0.0
499,2015-05-16,4.0,2.0,0.0,4.0,2.0,0.0
500,2015-05-17,4.0,2.0,0.0,4.0,2.0,0.0
501,2015-05-18,4.0,2.0,0.0,4.0,2.0,0.0
502,2015-05-19,4.0,2.0,0.0,4.0,2.0,0.0
503,2015-05-20,4.0,2.0,0.0,4.0,2.0,0.0
504,2015-05-21,4.0,2.0,0.0,4.0,2.0,0.0
505,2015-05-22,4.0,2.0,0.0,4.0,2.0,0.0
506,2015-05-23,4.0,2.0,0.0,4.0,2.0,0.0
507,2015-05-24,4.0,2.0,0.0,4.0,2.0,0.0
508,2015-05-25,4.0,2.0,0.0,4.0,2.0,0.0
509,2015-05-26,4.0,2.0,0.0,4.0,2.0,0.0
510,2015-05-27,4.0,2.0,0.0,4.0,2.0,0.0
511,2015-05-28,4.0,2.0,0.0,4.0,2.0,0.0
512,2015-05-29,4.0,2.0,0.0,4.0,2.0,0.0
513,2015-05-30,4.0,2.0,0.0,4.0,2.0,0.0
514,2015-05-31,4.0,2.0,0.0,4.0,2.0,0.0
515,2015-06-01,4.0,2.0,0.0,4.0,2.0,0.0
516,2015-06-02,4.0,2.0,0.0,4.0,2.0,0.0
517,2015-06-03,4.0,2.0,0.0,4.0,2.0,0.0
518,2015-06-04,4.0,2.0,0.0,4.0,2.0,0.0
519,2015-06-05,4.0,2.0,0.0,4.0,2.0,0.0
520,2015-06-06,4.0,2.0,0.0,4.0,2.0,0.0
521,2015-06-07,4.0,2.0,0.0,4.0,2.0,0.0
522,2015-06-08,4.0,2.0,0.0,4.0,2.0,0.0
523,2015-06-09,4.0,2.0,0.0,4.0,2.0,0.0
524,2015-06-10,4.0,2.0,0.0,4.0,2.0,0.0
525,2015-06-11,4.0,2.0,0.0,4.0,2.0,0.0
526,2015-06-12,4.0,2.0,0.0,4.0,2.0,0.0
527,2015-06-13,4.0,2.0,0.0,4.0,2.0,0.0
528,2015-06-14,4.0,2.0,0.0,4.0,2.0,0.0
529,2015-06-15,4.0,2.0,0.0,4.0,2.0,0.0
530,2015-06-16,4.0,2.0,0.0,4.0,2.0,0.0
531,2015-06-17,4.0,2.0,0.0,4.0,2.0,0.0
532,2015-06-18,4.0,2.0,0.0,4.0,2.0,0.0
533,2015-06-19,4.0,2.0,0.0,4.0,2.0,0.0
534,2015-06-20,4.0,2.0,0.0,4.0,2.0,0.0
535,2015-06-21,4.0,2.0,0.0,4.0,2.0,0.0
536,2015-06-22,4.0,2.0,0.0,4.0,2.0,0.0
537,2015-06-23,4.0,2.0,0.0,4.0,2.0,0.0
538,2015-06-24,4.0,2.0,0.0,4.0,2.0,0.0
539,2015-06-25,4.0,2.0,0.0,4.0,2.0,0.0
540,2015-06-26,4.0,2.0,0.0,4.0,2.0,0.0
541,2015-06-27,4.0,2.0,0.0,4.0,2.0,0.0
542,2015-06-28,4.0,2.0,0.0,4.0,2.0,0.0
543,2015-06-29,4.0,2.0,0.0,4.0,2.0,0.0
544,2015-06-30,4.0,2.0,0.0,4.0,2.0,0.0
545,2015-07-01,4.0,2.0,0.0,4.0,2.0,0.0
546,2015-07-02,4.0,2.0,0.0,4.0,2.0,0.0
547,2015-07-03,4.0,2.0,0.0,4.0,2.0,0.0
548,2015-07-04,4.0,2.0,0.0,4.0,2.0,0.0
549,2015-07-05,4.0,2.0,0.0,4.0,2.0,0.0
550,2015-07-06,4.0,2.0,0.0,4.0,2.0,0.0
551,2015-07-07,4.0,2.0,0.0,4.0,2.0,0.0
552,2015-07-08,4.0,2.0,0.0,4.0,2.0,0.0
553,2015-07-09,4.0,2.0,0.0,4.0,2.0,0.0
554,2015-07-10,4.0,2.0,0.0,4.0,2.0,0.0
555,2015-07-11,4.0,2.0,0.0,4.0,2.0,0.0
556,2015-07-12,4.0,2.0,0.0,4.0,2.0,0.0
557,2015-07-13,4.0,2.0,0.0,4.0,2.0,0.0
558,2015-07-14,4.0,2.0,0.0,4.0,2.0,0.0
559,2015-07-15,4.0,2.0,0.0,4.0,2.0,0.0
560,2015-07-16,4.0,2.0,0.0,4.0,2.0,0.0
561,2015-07-17,4.0,2.0,0.0,4.0,2.0,0.0
562,2015-07-18,4.0,2.0,0.0,4.0,2.0,0.0
563,2015-07-19,4.0,2.0,0.0,4.0,2.0,0.0
564,2015-07-20,4.0,2.0,0.0,4.0,2.0,0.0
565,2015-07-21,4.0,2.0,0.0,4.0,2.0,0.0
566,2015-07-22,4.0,2.0,0.0,4.0,2.0,0.0
567,2015-07-23,4.0,2.0,0.0,4.0,2.0,0.0
568,2015-07-24,4.0,2.0,0.0,4.0,2.0,0.0
569,2015-07-25,4.0,2.0,0.0,4.0,2.0,0.0
570,2015-07-26,4.0,2.0,0.0,4.0,2.0,0.0
571,2015-07-27,4.0,2.0,0.0,4.0,2.0,0.0
572,2015-07-28,4.0,2.0,0.0,4.0,2.0,0.0
573,2015-07-29,4.0,2.0,0.0,4.0,2.0,0.0
574,2015-07-30,4.0,2.0,0.0,4.0,2.0,0.0
575,2015-07-31,4.0,2.0,0.0,4.0,2.0,0.0
576,2015-08-01,4.0,2.0,0.0,4.0,2.0,0.0
577,2015-08-02,4.0,2.0,0.0,4.0,2.0,0.0
578,2015-08-03,4.0,2.0,0.0,4.0,2.0,0.0
579,2015-08-04,4.0,2.0,0.0,4.0,2.0,0.0
580,2015-08-05,4.0,2.0,0.0,4.0,2.0,0.0
581,2015-08-06,4.0,2.0,0.0,4.0,2.0,0.0
582,2015-08-07,4.0,2.0,0.0,4.0,2.0,0.0
583,2015-08-08,4.0,2.0,0.0,4.0,2.0,0.0
584,2015-08-09,4.0,2.0,0.0,4.0,2.0,0.0
585,2015-08-10,4.0,2.0,0.0,4.0,2.0,0.0
586,2015-08-11,4.0,2.0,0.0,4.0,2.0,0.0
587,2015-08-12,4.0,2.0,0.0,4.0,2.0,0.0
588,2015-08-13,4.0,2.0,0.0,4.0,2.0,0.0
589,2015-08-14,4.0,2.0,0.0,4.0,2.0,0.0
590,2015-08-15,4.0,2.0,0.0,4.0,2.0,0.0
591,2015-08-16,4.0,2.0,0.0,4.0,2.0,0.0
592,2015-08-17,4.0,2.0,0.0,4.0,2.0,0.0
593,2015-08-18,4.0,2.0,0.0,4.0,2.0,0.0
594,2015-08-19,4.0,2.0,0.0,4.0,2.0,0.0
595,2015-08-20,4.0,2.0,0.0,4.0,2.0,0.0
596,2015-08-21,4.0,2.0,0.0,4.0,2.0,0.0
597,2015-08-22,4.0,2.0,0.0,4.0,2.0,0.0
598,2015-08-23,4.0,2.0,0.0,4.0,2.0,0.0
599,2015-08-24,4.0,2.0,0.0,4.0,2.0,0.0
600,2015-08-25,4.0,2.0,0.0,4.0,2.0,0.0
601,2015-08-26,4.0,2.0,0.0,4.0,2.0,0.0
602,2015-08-27,4.0,2.0,0.0,4.0,2.0,0.0
603,2015-08-28,4.0,2.0,0.0,4.0,2.0,0.0
604,2015-08-29,4.0,2.0,0.0,4.0,2.0,0.0
605,2015-08-30,4.0,2.0,0.0,4.0,2.0,0.0
606,2015-08-31,4.0,2.0,0.0,4.0,2.0,0.0
607,2015-09-01,4.0,2.0,0.0,4.0,2.0,0.0
608,2015-09-02,4.0,2.0,0.0,4.0,2.0,0.0
609,2015-09-03,4.0,2.0,0.0,4.0,2.0,0.0
610,2015-09-04,4.0,2.0,0.0,4.0,2.0,0.0
611,2015-09-05,4.0,2.0,0.0,4.0,2.0,0.0
612,2015-09-06,4.0,2.0,0.0,4.0,2.0,0.0
613,2015-09-07,4.0,2.0,0.0,4.0,2.0,0.0
614,2015-09-08,4.0,2.0,0.0,4.0,2.0,0.0
615,2015-09-09,4.0,2.0,0.0,4.0,2.0,0.0
616,2015-09-10,4.0,2.0,0.0,4.0,2.0,0.0
617,2015-09-11,4.0,2.0,0.0,4.0,2.0,0.0
618,2015-09-12,4.0,2.0,0.0,4.0,2.0,0.0
619,2015-09-13,4.0,2.0,0.0,4.0,2.0,0.0
620,2015-09-14,4.0,2.0,0.0,4.0,2.0,0.0
621,2015-09-15,4.0,2.0,0.0,4.0,2.0,0.0
622,2015-09-16,5.0,2.0,0.0,5.0,2.0,0.0
623,2015-09-17,4.0,2.0,0.0,4.0,2.0,0.0
624,2015-09-18,4.0,2.0,0.0,4.0,2.0,0.0
625,2015-09-19,4.0,2.0,0.0,4.0,2.0,0.0
626,2015-09-20,4.0,2.0,0.0,4.0,2.0,0.0
627,2015-09-21,4.0,2.0,0.0,4.0,2.0,0.0
628,2015-09-22,4.0,2.0,0.0,4.0,2.0,0.0
629,2015-09-23,5.0,2.0,0.0,5.0,2.0,0.0
630,2015-09-24,4.0,2.0,0.0,4.0,2.0,0.0
631,2015-09-25,4.0,2.0,0.0,4.0,2.0,0.0
632,2015-09-26,4.0,2.0,0.0,4.0,2.0,0.0
633,2015-09-27,4.0,2.0,0.0,4.0,2.0,0.0
634,2015-09-28,4.0,2.0,0.0,4.0,2.0,0.0
635,2015-09-29,4.0,2.0,0.0,4.0,2.0,0.0
636,2015-09-30,5.0,2.0,0.0,5.0,2.0,0.0
637,2015-10-01,4.0,2.0,0.0,4.0,2.0,0.0
638,2015-10-02,4.0,2.0,0.0,4.0,2.0,0.0
639,2015-10-03,4.0,2.0,0.0,4.0,2.0,0.0
640,2015-10-04,4.0,2.0,0.0,4.0,2.0,0.0
641,2015-10-05,4.0,2.0,0.0,4.0,2.0,0.0
642,2015-10-06,4.0,2.0,0.0,4.0,2.0,0.0
643,2015-10-07,5.0,2.0,0.0,5.0,2.0,0.0
644,2015-10-08,4.0,2.0,0.0,4.0,2.0,0.0
645,2015-10-09,4.0,2.0,0.0,4.0,2.0,0.0
646,2015-10-10,4.0,2.0,0.0,4.0,2.0,0.0
647,2015-10-11,4.0,2.0,0.0,4.0,2.0,0.0
648,2015-10-12,4.0,2.0,0.0,4.0,2.0,0.0
649,2015-10-13,4.0,2.0,0.0,4.0,2.0,0.0
650,2015-10-14,5.0,2.0,0.0,5.0,2.0,0.0
651,2015-10-15,4.0,2.0,0.0,4.0,2.0,0.0
652,2015-10-16,4.0,2.0,0.0,4.0,2.0,0.0
653,2015-10-17,4.0,2.0,0.0,4.0,2.0,0.0
654,2015-10-18,4.0,2.0,0.0,4.0,2.0,0.0
655,2015-10-19,4.0,2.0,0.0,4.0,2.0,0.0
656,2015-10-20,4.0,2.0,0.0,4.0,2.0,0.0
657,2015-10-21,5.0,2.0,0.0,5.0,2.0,0.0
658,2015-10-22,4.0,2.0,0.0,4.0,2.0,0.0
659,2015-10-23,4.0,2.0,0.0,4.0,2.0,0.0
660,2015-10-24,4.0,2.0,0.0,4.0,2.0,0.0
661,2015-10-25,4.0,2.0,0.0,4.0,2.0,0.0
662,2015-10-26,4.0,2.0,0.0,4.0,2.0,0.0
663,2015-10-27,4.0,2.0,0.0,4.0,2.0,0.0
664,2015-10-28,5.0,2.0,0.0,5.0,2.0,0.0
665,2015-10-29,4.0,2.0,0.0,4.0,2.0,0.0
666,2015-10-30,4.0,2.0,0.0,4.0,2.0,0.0
667,2015-10-31,4.0,2.0,0.0,4.0,2.0,0.0
668,2015-11-01,4.0,2.0,0.0,4.0,2.0,0.0
669,2015-11-02,4.0,2.0,0.0,4.0,2.0,0.0
670,2015-11-03,4.0,2.0,0.0,4.0,2.0,0.0
671,2015-11-04,5.0,2.0,0.0,5.0,2.0,0.0
672,2015-11-05,4.0,2.0,0.0,4.0,2.0,0.0
673,2015-11-06,4.0,2.0,0.0,4.0,2.0,0.0
674,2015-11-07,4.0,2.0,0.0,4.0,2.0,0.0
675,2015-11-08,4.0,2.0,0.0,4.0,2.0,0.0
676,2015-11-09,4.0,2.0,0.0,4.0,2.0,0.0
677,2015-11-10,4.0,2.0,0.0,4.0,2.0,0.0
678,2015-11-11,5.0,2.0,0.0,5.0,2.0,0.0
679,2015-11-12,4.0,2.0,0.0,4.0,2.0,0.0
680,2015-11-13,4.0,2.0,0.0,4.0,2.0,0.0
681,2015-11-14,4.0,2.0,0.0,4.0,2.0,0.0
682,2015-11-15,4.0,2.0,0.0,4.0,2.0,0.0
683,2015-11-16,4.0,2.0,0.0,4.0,2.0,0.0
684,2015-11-17,4.0,2.0,0.0,4.0,2.0,0.0
685,2015-11-18,5.0,2.0,0.0,5.0,2.0,0.0
686,2015-11-19,4.0,2.0,0.0,4.0,2.0,0.0
687,2015-11-20,4.0,2.0,0.0,4.0,2.0,0.0
688,2015-11-21,4.0,2.0,0.0,4.0,2.0,0.0
689,2015-11-22,4.0,2.0,0.0,4.0,2.0,0.0
690,2015-11-23,4.0,2.0,0.0,4.0,2.0,0.0
691,2015-11-24,4.0,2.0,0.0,4.0,2.0,0.0
692,2015-11-25,5.0,2.0,0.0,5.0,2.0,0.0
693,2015-11-26,4.0,2.0,0.0,4.0,2.0,0.0
694,2015-11-27,4.0,2.0,0.0,4.0,2.0,0.0
695,2015-11-28,4.0,2.0,0.0,4.0,2.0,0.0
696,2015-11-29,4.0,2.0,0.0,4.0,2.0,0.0
697,2015-11-30,4.0,2.0,0.0,4.0,2.0,0.0
698,2015-12-01,4.0,2.0,0.0,4.0,2.0,0.0
699,2015-12-02,5.0,2.0,0.0,5.0,2.0,0.0
700,2015-12-03,4.0,2.0,0.0,4.0,2.0,0.0
701,2015-12-04,4.0,2.0,0.0,4.0,2.0,0.0
702,2015-12-05,4.0,2.0,0.0,4.0,2.0,0.0
703,2015-12-06,4.0,2.0,0.0,4.0,2.0,0.0
704,2015-12-07,4.0,2.0,0.0,4.0,2.0,0.0
705,2015-12-08,4.0,2.0,0.0,4.0,2.0,0.0
706,2015-12-09,5.0,2.0,0.0,5.0,2.0,0.0
707,2015-12-10,4.0,2.0,0.0,4.0,2.0,0.0
708,2015-12-11,4.0,2.0,0.0,4.0,2.0,0.0
709,2015-12-12,4.0,2.0,0.0,4.0,2.0,0.0
710,2015-12-13,4.0,2.0,0.0,4.0,2.0,0.0
711,2015-12-14,4.0,2.0,0.0,4.0,2.0,0.0
712,2015-12-15,4.0,2.0,0.0,4.0,2.0,0.0
713,2015-12-16,5.0,2.0,0.0,5.0,2.0,0.0
714,2015-12-17,4.0,2.0,0.0,4.0,2.0,0.0
715,2015-12-18,4.0,2.0,0.0,4.0,2.0,0.0
716,2015-12-19,4.0,2.0,0.0,4.0,2.0,0.0
717,2015-12-20,4.0,2.0,0.0,4.0,2.0,0.0
718,2015-12-21,4.0,2.0,0.0,4.0,2.0,0.0
719,2015-12-22,4.0,2.0,0.0,4.0,2.0,0.0
720,2015-12-23,5.0,2.0,0.0,5.0,2.0,0.0
721,2015-12-24,4.0,2.0,0.0,4.0,2.0,0.0
722,2015-12-25,4.0,2.0,0.0,4.0,2.0,0.0
723,2015-12-26,4.0,2.0,0.0,4.0,2.0,0.0
724,2015-12-27,4.0,2.0,0.0,4.0,2.0,0.0
725,2015-12-28,4.0,2.0,0.0,4.0,2.0,0.0
726,2015-12-29,4.0,2.0,0.0,4.0,2.0,0.0
727,2015-12-30,5.0,2.0,0.0,5.0,2.0,0.0
728,2015-12-31,4.0,2.0,0.0,4.0,2.0,0.0
729,2016-01-01,4.0,2.0,0.0,4.0,2.0,0.0
730,2016-01-02,4.0,2.0,0.0,4.0,2.0,0.0
731,2016-01-03,4.0,2.0,0.0,4.0,2.0,0.0
732,2016-01-04,4.0,2.0,0.0,4.0,2.0,0.0
733,2016-01-05,4.0,2.0,0.0,4.0,2.0,0.0
734,2016-01-06,5.0,2.0,0.0,5.0,2.0,0.0
735,2016-01-07,4.0,2.0,0.0,4.0,2.0,0.0
736,2016-01-08,4.0,2.0,0.0,4.0,2.0,0.0
737,2016-01-09,4.0,2.0,0.0,4.0,2.0,0.0
738,2016-01-10,4.0,2.0,0.0,4.0,2.0,0.0
739,2016-01-11,4.0,2.0,0.0,4.0,2.0,0.0
740,2016-01-12,4.0,2.0,0.0,4.0,2.0,0.0
741,2016-01-13,5.0,2.0,0.0,5.0,2.0,0.0
742,2016-01-14,4.0,2.0,0.0,4.0,2.0,0.0
743,2016-01-15,4.0,2.0,0.0,4.0,2.0,0.0
744,2016-01-16,4.0,2.0,0.0,4.0,2.0,0.0
745,2016-01-17,4.0,2.0,0.0,4.0,2.0,0.0
746,2016-01-18,4.0,2.0,0.0,4.0,2.0,0.0
747,2016-01-19,4.0,2.0,0.0,4.0,2.0,0.0
748,2016-01-20,5.0,2.0,0.0,5.0,2.0,0.0
749,2016-01-21,4.0,2.0,0.0,4.0,2.0,0.0
750,2016-01-22,4.0,2.0,0.0,4.0,2.0,0.0
751,2016-01-23,4.0,2.0,0.0,4.0,2.0,0.0
752,2016-01-24,4.0,2.0,0.0,4.0,2.0,0.0
753,2016-01-25,4.0,2.0,0.0,4.0,2.0,0.0
754,2016-01-26,4.0,2.0,0.0,4.0,2.0,0.0
755,2016-01-27,5.0,2.0,0.0,5.0,2.0,0.0
756,2016-01-28,4.0,2.0,0.0,4.0,2.0,0.0
757,2016-01-29,4.0,2.0,0.0,4.0,2.0,0.0
758,2016-01-30,4.0,2.0,0.0,4.0,2.0,0.0
759,2016-01-31,4.0,2.0,0.0,4.0,2.0,0.0
760,2016-02-01,4.0,2.0,0.0,4.0,2.0,0.0
761,2016-02-02,4.0,2.0,0.0,4.0,2.0,0.0
762,2016-02-03,5.0,2.0,0.0,5.0,2.0,0.0
763,2016-02-04,4.0,2.0,0.0,4.0,2.0,0.0
764,2016-02-05,4.0,2.0,0.0,4.0,2.0,0.0
765,2016-02-06,4.0,2.0,0.0,4.0,2.0,0.0
766,2016-02-07,4.0,2.0,0.0,4.0,2.0,0.0
767,2016-02-08,4.0,2.0,0.0,4.0,2.0,0.0
768,2016-02-09,4.0,2.0,0.0,4.0,2.0,0.0
769,2016-02-10,5.0,2.0,0.0,5.0,2.0,0.0
770,2016-02-11,4.0,2.0,0.0,4.0,2.0,0.0
771,2016-02-12,4.0,2.0,0.0,4.0,2.0,0.0
772,2016-02-13,5.0,2.0,0.0,5.0,2.0,0.0
773,2016-02-14,4.0,2.0,0.0,4.0,2.0,0.0
774,2016-02-15,4.0,2.0,0.0,4.0,2.0,0.0
775,2016-02-16,4.0,2.0,0.0,4.0,2.0,0.0
776,2016-02-17,5.0,2.0,0.0,5.0,2.0,0.0
777,2016-02-18,4.0,2.0,0.0,4.0,2.0,0.0
778,2016-02-19,4.0,2.0,0.0,4.0,2.0,0.0
779,2016-02-20,5.0,2.0,0.0,5.0,2.0,0.0
780,2016-02-21,4.0,2.0,0.0,4.0,2.0,0.0
781,2016-02-22,4.0,2.0,0.0,4.0,2.0,0.0
782,2016-02-23,4.0,2.0,0.0,4.0,2.0,0.0
783,2016-02-24,5.0,2.0,0.0,5.0,2.0,0.0
784,2016-02-25,4.0,2.0,0.0,4.0,2.0,0.0
785,2016-02-26,4.0,2.0,0.0,4.0,2.0,0.0
786,2016-02-27,5.0,2.0,0.0,5.0,2.0,0.0
787,2016-02-28,4.0,2.0,0.0,4.0,2.0,0.0
788,2016-02-29,4.0,2.0,0.0,4.0,2.0,0.0
789,2016-03-01,4.0,2.0,0.0,4.0,2.0,0.0
790,2016-03-02,5.0,2.0,0.0,5.0,2.0,0.0
791,2016-03-03,4.0,2.0,0.0,4.0,2.0,0.0
792,2016-03-04,4.0,2.0,0.0,4.0,2.0,0.0
793,2016-03-05,5.0,2.0,0.0,5.0,2.0,0.0
794,2016-03-06,4.0,2.0,0.0,4.0,2.0,0.0
795,2016-03-07,4.0,2.0,0.0,4.0,2.0,0.0
796,2016-03-08,4.0,2.0,0.0,4.0,2.0,0.0
797,2016-03-09,5.0,2.0,0.0,5.0,2.0,0.0
798,2016-03-10,4.0,2.0,0.0,4.0,2.0,0.0
799,2016-03-11,4.0,2.0,0.0,4.0,2.0,0.0
800,2016-03-12,5.0,2.0,0.0,5.0,2.0,0.0
801,2016-03-13,4.0,2.0,0.0,4.0,2.0,0.0
802,2016-03-14,4.0,2.0,0.0,4.0,2.0,0.0
803,2016-03-15,4.0,2.0,0.0,4.0,2.0,0.0
804,2016-03-16,5.0,2.0,0.0,5.0,2.0,0.0
805,2016-03-17,4.0,2.0,0.0,4.0,2.0,0.0
806,2016-03-18,4.0,2.0,0.0,4.0,2.0,0.0
807,2016-03-19,5.0,2.0,0.0,5.0,2.0,0.0
808,2016-03-20,4.0,2.0,0.0,4.0,2.0,0.0
809,2016-03-21,4.0,2.0,0.0,4.0,2.0,0.0
810,2016-03-22,4.0,2.0,0.0,4.0,2.0,0.0
811,2016-03-23,5.0,2.0,0.0,5.0,2.0,0.0
812,2016-03-24,4.0,2.0,0.0,4.0,2.0,0.0
813,2016-03-25,4.0,2.0,0.0,4.0,2.0,0.0
814,2016-03-26,5.0,2.0,0.0,5.0,2.0,0.0
815,2016-03-27,4.0,2.0,0.0,4.0,2.0,0.0
816,2016-03-28,4.0,2.0,0.0,4.0,2.0,0.0
817,2016-03-29,4.0,2.0,0.0,4.0,2.0,0.0
818,2016-03-30,5.0,2.0,0.0,5.0,2.0,0.0
819,2016-03-31,4.0,2.0,0.0,4.0,2.0,0.0
820,2016-04-01,4.0,2.0,0.0,4.0,2.0,0.0
821,2016-04-02,5.0,2.0,0.0,5.0,2.0,0.0
822,2016-04-03,5.0,2.0,0.0,5.0,2.0,0.0
823,2016-04-04,5.0,2.0,0.0,5.0,2.0,0.0
824,2016-04-05,4.0,2.0,0.0,4.0,2.0,0.0
825,2016-04-06,5.0,2.0,0.0,5.0,2.0,0.0
826,2016-04-07,4.0,2.0,0.0,4.0,2.0,0.0
827,2016-04-08,4.0,2.0,0.0,4.0,2.0,0.0
828,2016-04-09,5.0,2.0,0.0,5.0,2.0,0.0
829,2016-04-10,5.0,2.0,0.0,5.0,2.0,0.0
830,2016-04-11,5.0,2.0,0.0,5.0,2.0,0.0
831,2016-04-12,4.0,2.0,0.0,4.0,2.0,0.0
832,2016-04-13,5.0,2.0,0.0,5.0,2.0,0.0
833,2016-04-14,4.0,2.0,0.0,4.0,2.0,0.0
834,2016-04-15,4.0,2.0,0.0,4.0,2.0,0.0
835,2016-04-16,5.0,2.0,0.0,5.0,2.0,0.0
836,2016-04-17,5.0,2.0,0.0,5.0,2.0,0.0
837,2016-04-18,5.0,2.0,0.0,5.0,2.0,0.0
838,2016-04-19,4.0,2.0,0.0,4.0,2.0,0.0
839,2016-04-20,5.0,2.0,0.0,5.0,2.0,0.0
840,2016-04-21,4.0,2.0,0.0,4.0,2.0,0.0
841,2016-04-22,4.0,2.0,0.0,4.0,2.0,0.0
842,2016-04-23,5.0,2.0,0.0,5.0,2.0,0.0
843,2016-04-24,5.0,2.0,0.0,5.0,2.0,0.0
844,2016-04-25,5.0,2.0,0.0,5.0,2.0,0.0
845,2016-04-26,4.0,2.0,0.0,4.0,2.0,0.0
846,2016-04-27,5.0,2.0,0.0,5.0,2.0,0.0
847,2016-04-28,4.0,2.0,0.0,4.0,2.0,0.0
848,2016-04-29,4.0,2.0,0.0,4.0,2.0,0.0
849,2016-04-30,5.0,2.0,0.0,5.0,2.0,0.0
850,2016-05-01,5.0,2.0,0.0,5.0,2.0,0.0
851,2016-05-02,5.0,2.0,0.0,5.0,2.0,0.0
852,2016-05-03,4.0,2.0,0.0,4.0,2.0,0.0
853,2016-05-04,5.0,2.0,0.0,5.0,2.0,0.0
854,2016-05-05,4.0,2.0,0.0,4.0,2.0,0.0
855,2016-05-06,4.0,2.0,0.0,4.0,2.0,0.0
856,2016-05-07,5.0,2.0,0.0,5.0,2.0,0.0
857,2016-05-08,5.0,2.0,0.0,5.0,2.0,0.0
858,2016-05-09,5.0,2.0,0.0,5.0,2.0,0.0
859,2016-05-10,5.0,2.0,0.0,5.0,2.0,0.0
860,2016-05-11,5.0,2.0,0.0,5.0,2.0,0.0
861,2016-05-12,4.0,2.0,0.0,4.0,2.0,0.0
862,2016-05-13,4.0,2.0,0.0,4.0,2.0,0.0
863,2016-05-14,5.0,2.0,0.0,5.0,2.0,0.0
864,2016-05-15,5.0,2.0,0.0,5.0,2.0,0.0
865,2016-05-16,5.0,2.0,0.0,5.0,2.0,0.0
866,2016-05-17,5.0,2.0,0.0,5.0,2.0,0.0
867,2016-05-18,5.0,2.0,0.0,5.0,2.0,0.0
868,2016-05-19,4.0,2.0,0.0,4.0,2.0,0.0
869,2016-05-20,5.0,2.0,0.0,5.0,2.0,0.0
870,2016-05-21,5.0,2.0,0.0,5.0,2.0,0.0
871,2016-05-22,5.0,2.0,0.0,5.0,2.0,0.0
872,2016-05-23,5.0,2.0,0.0,5.0,2.0,0.0
873,2016-05-24,5.0,2.0,0.0,5.0,2.0,0.0
874,2016-05-25,5.0,2.0,0.0,5.0,2.0,0.0
875,2016-05-26,4.0,2.0,0.0,4.0,2.0,0.0
876,2016-05-27,5.0,2.0,0.0,5.0,2.0,0.0
877,2016-05-28,5.0,2.0,0.0,5.0,2.0,0.0
878,2016-05-29,5.0,2.0,0.0,5.0,2.0,0.0
879,2016-05-30,5.0,2.0,0.0,5.0,2.0,0.0
880,2016-05-31,5.0,2.0,0.0,5.0,2.0,0.0
881,2016-06-01,5.0,2.0,0.0,5.0,2.0,0.0
882,2016-06-02,4.0,2.0,0.0,4.0,2.0,0.0
883,2016-06-03,5.0,2.0,0.0,5.0,2.0,0.0
884,2016-06-04,5.0,2.0,0.0,5.0,2.0,0.0
885,2016-06-05,5.0,2.0,0.0,5.0,2.0,0.0
886,2016-06-06,5.0,2.0,0.0,5.0,2.0,0.0
887,2016-06-07,5.0,2.0,0.0,5.0,2.0,0.0
888,2016-06-08,5.0,2.0,0.0,5.0,2.0,0.0
889,2016-06-09,4.0,2.0,0.0,4.0,2.0,0.0
890,2016-06-10,5.0,2.0,0.0,5.0,2.0,0.0
891,2016-06-11,5.0,2.0,0.0,5.0,2.0,0.0
892,2016-06-12,5.0,2.0,0.0,5.0,2.0,0.0
893,2016-06-13,5.0,2.0,0.0,5.0,2.0,0.0
894,2016-06-14,5.0,2.0,0.0,5.0,2.0,0.0
895,2016-06-15,5.0,2.0,0.0,5.0,2.0,0.0
896,2016-06-16,5.0,2.0,0.0,5.0,2.0,0.0
897,2016-06-17,5.0,2.0,0.0,5.0,2.0,0.0
898,2016-06-18,5.0,2.0,0.0,5.0,2.0,0.0
899,2016-06-19,5.0,2.0,0.0,5.0,2.0,0.0
900,2016-06-20,5.0,2.0,0.0,5.0,2.0,0.0
901,2016-06-21,5.0,2.0,0.0,5.0,2.0,0.0
902,2016-06-22,5.0,2.0,0.0,5.0,2.0,0.0
903,2016-06-23,5.0,2.0,0.0,5.0,2.0,0.0
904,2016-06-24,5.0,2.0,0.0,5.0,2.0,0.0
905,2016-06-25,5.0,2.0,0.0,5.0,2.0,0.0
906,2016-06-26,5.0,2.0,0.0,5.0,2.0,0.0
907,2016-06-27,5.0,2.0,0.0,5.0,2.0,0.0
908,2016-06-28,5.0,2.0,0.0,5.0,2.0,0.0
909,2016-06-29,5.0,2.0,0.0,5.0,2.0,0.0
910,2016-06-30,5.0,2.0,0.0,5.0,2.0,0.0
911,2016-07-01,5.0,2.0,0.0,5.0,2.0,0.0
912,2016-07-02,5.0,2.0,0.0,5.0,2.0,0.0
913,2016-07-03,5.0,2.0,0.0,5.0,2.0,0.0
914,2016-07-04,5.0,2.0,0.0,5.0,2.0,0.0
915,2016-07-05,5.0,2.0,0.0,5.0,2.0,0.0
916,2016-07-06,5.0,2.0,0.0,5.0,2.0,0.0
917,2016-07-07,5.0,2.0,0.0,5.0,2.0,0.0
918,2016-07-08,5.0,2.0,0.0,5.0,2.0,0.0
919,2016-07-09,5.0,2.0,0.0,5.0,2.0,0.0
920,2016-07-10,5.0,2.0,0.0,5.0,2.0,0.0
921,2016-07-11,5.0,2.0,0.0,5.0,2.0,0.0
922,2016-07-12,5.0,2.0,0.0,5.0,2.0,0.0
923,2016-07-13,5.0,2.0,0.0,5.0,2.0,0.0
924,2016-07-14,5.0,2.0,0.0,5.0,2.0,0.0
925,2016-07-15,5.0,2.0,0.0,5.0,2.0,0.0
926,2016-07-16,5.0,2.0,0.0,5.0,2.0,0.0
927,2016-07-17,5.0,2.0,0.0,5.0,2.0,0.0
928,2016-07-18,5.0,2.0,0.0,5.0,2.0,0.0
929,2016-07-19,5.0,2.0,0.0,5.0,2.0,0.0
930,2016-07-20,5.0,2.0,0.0,5.0,2.0,0.0
931,2016-07-21,5.0,2.0,0.0,5.0,2.0,0.0
932,2016-07-22,5.0,2.0,0.0,5.0,2.0,0.0
933,2016-07-23,5.0,2.0,0.0,5.0,2.0,0.0
934,2016-07-24,5.0,2.0,0.0,5.0,2.0,0.0
935,2016-07-25,5.0,2.0,0.0,5.0,2.0,0.0
936,2016-07-26,5.0,2.0,0.0,5.0,2.0,0.0
937,2016-07-27,5.0,2.0,0.0,5.0,2.0,0.0
938,2016-07-28,5.0,2.0,0.0,5.0,2.0,0.0
939,2016-07-29,5.0,2.0,0.0,5.0,2.0,0.0
940,2016-07-30,5.0,2.0,0.0,5.0,2.0,0.0
